{"cameraMode":{"drawMode":0,"name":"Shaded","section":"Shading Mode"},"sceneLighting":true,"audioPlay":false,"sceneViewState":{"m_AlwaysRefresh":false,"showFog":true,"showSkybox":true,"showFlares":true,"showImageEffects":true,"showParticleSystems":true,"showVisualEffectGraphs":true,"m_FxEnabled":true},"in2DMode":false,"pivot":{"x":-6.171363830566406,"y":0.6330859661102295,"z":4.884803771972656},"rotation":{"x":0.49750712513923647,"y":-0.015613449737429619,"z":0.008963420987129212,"w":0.8672823905944824},"size":31.316991806030275,"orthographic":false}