{"cameraMode":{"drawMode":0,"name":"Shaded","section":"Shading Mode"},"sceneLighting":false,"audioPlay":false,"sceneViewState":{"m_AlwaysRefresh":false,"showFog":true,"showSkybox":false,"showFlares":true,"showImageEffects":true,"showParticleSystems":true,"showVisualEffectGraphs":true,"m_FxEnabled":true},"in2DMode":false,"pivot":{"x":-0.000013589859008789063,"y":0.15999996662139893,"z":-0.022027969360351564},"rotation":{"x":0.1131918653845787,"y":-0.7317838072776794,"z":0.12549474835395814,"w":0.6603144407272339},"size":3.688754081726074,"orthographic":false}