{"cameraMode":{"drawMode":0,"name":"Shaded","section":"Shading Mode"},"sceneLighting":false,"audioPlay":false,"sceneViewState":{"m_AlwaysRefresh":false,"showFog":true,"showSkybox":false,"showFlares":true,"showImageEffects":true,"showParticleSystems":true,"showVisualEffectGraphs":true,"m_FxEnabled":true},"in2DMode":false,"pivot":{"x":0.06319442391395569,"y":0.1300329566001892,"z":1.8160440921783448},"rotation":{"x":0.1131918653845787,"y":-0.7317838072776794,"z":0.12549474835395814,"w":0.6603144407272339},"size":0.5833247303962708,"orthographic":false}